name,avg_session,time_on_app,time_on_website,membership_period,year_spent
Ebonie Watson,41.39672127013476,12.529094637675133,51.45096842538406,4.08272063295296,652.6256699049252
Mana Lee,38.31152643163224,10.998366121395776,48.449646528787014,2.66403418213262,435.3474761232019
Floretta Wagner,39.601097706771235,11.216975277199726,48.24377667475717,4.10454320237642,541.177730402894
Shawnna Dawson,41.1666679557066,13.580338528491076,47.73766748127403,3.12017878274809,645.8561018790921
Eldridge Flowers,39.99680702837568,12.667236665567321,48.797649290773116,4.44630831835143,665.340762170797
Argelia Murphy,40.64524545521039,11.906656086357552,44.81994091802566,5.4935072013642,707.1837171857322
Geraldo Becker,38.425914601664395,11.252684826613395,47.688908998730476,4.68501724657091,578.9451139811881
Cristen Lane,39.286971526056355,12.228439383272873,48.585366516111876,4.43427343489994,610.3936021768764
Waneta Delgado,40.78532747482272,13.252372922919637,48.79484654402241,3.27343357774771,743.9224539496183
Juliane Briggs,38.32385834213868,11.69598701202248,48.28871869058666,3.20280607155346,474.1913172338142
Markus Larson,40.79108732994444,13.205585693185482,48.39354797110743,2.4826077705106,546.7926741169767
Laquanda Mitchell,40.655232989766,11.468935169539948,48.21430389227894,3.71320920294043,690.794519113699
Cristen Goodwin,35.43891476046948,10.85168541615256,48.64628024753303,4.04642316429959,453.5907896906171
Sal Parker,39.82840085246724,12.829633830693307,46.988066710054476,3.918541839159,636.4916127378395
Jc Quinn,38.865571023784675,13.017238435135935,47.60594420763896,2.49454364665925,522.2025339640601
Rupert Johnston,36.88526444715384,12.5102399914801,47.07789202180818,3.35784684232629,512.5766238378153
Hyacinth Richardson,38.55046427674535,11.616523073948828,45.36232057687174,3.13613271648978,508.2109424988935
Adalberto Owen,38.80667918768064,11.893062747074259,49.90067757237993,2.42080616090148,452.55204777999387
Brinda Kennedy,38.62537445511864,14.568233668714935,49.717348972646555,1.51657558083194,502.0703997828389
Lynwood Francis,39.141427275388196,13.849696630267049,48.3476549405174,4.06454855043798,671.6177530734301
Faustino Mason,39.49534213339176,11.251837105261039,48.8901302814691,4.599937357615,593.5233756246855
Donte Watts,40.20370470806364,12.749203859293738,48.6733277362358,1.55915193995708,466.13204007148875
Tamisha Paul,37.83792537908748,13.244777156327311,50.35420817686624,2.24514778740528,484.53232235959297
Gaston Marshall,39.48390116804652,11.541000162844945,47.804384889636445,3.91930230855318,576.4684979351758
Arden Briggs,41.40906119823192,12.764732809030985,48.92648264127767,5.70515397060103,778.0179716953096
Jae Adams,39.63519834420828,11.648154519027578,49.06008242925283,2.72173599204522,469.7297907654638
Val Stephens,40.249477575720476,12.656052866432251,47.35984450736409,4.6481993164286,688.0841602464172
Daniell Wagner,38.803187564889235,12.877741230144716,49.20731292026693,2.99636452626854,540.39121758922
Wilber Montgomery,39.73224606926136,11.862224544075445,45.88101408066865,3.92348874552744,587.7868085239046
Cicely Daniel,39.7265255309622,11.845369802967921,48.46115526469374,4.74257751957332,615.7415130547145
Gaynelle Aguilar,39.89028052135356,12.182363635295108,47.01274262235811,3.06236814531169,552.3212051434896
Amberly Fowler,40.153267554622076,10.760472175989097,46.30917514683915,3.47141345247768,496.93357625502557
Justin Moody,38.61060148553928,13.253617184523904,46.40242748140714,4.343062915389,653.4709921156293
Blythe Mckinney,39.27403200376056,12.973462170447043,50.541452658787875,2.82009723397347,545.0912782842673
Bethann Luca,39.38437193449848,11.518544320024997,45.979214222971905,4.12458529671465,563.260433896975
Kary Osborne,40.33924547132124,11.817022634893378,50.399233297434705,3.6492861577147,579.2907662147906
Olin Howard,38.0659828326108,11.637473466023263,47.79543906521592,1.84737042333951,386.03238856137904
Tyrell Ray,39.438392609851675,11.864573348398553,48.157669820389614,3.45238858263073,544.7198816797901
Rolland Gonzalez,39.2992418173446,9.855426209482676,48.60480932735766,4.65049126909446,530.7690708000378
Jamey Salazar,39.08067657633012,12.364123083586264,47.28292375828905,4.22243622534277,597.0092767492516
Jene Fernandez,38.4846554651106,11.615775158179568,48.79457831445769,4.67127546090625,591.3544842158379
Marilu Turner,39.62345758286808,10.528215704741097,48.74569718929664,4.64611997660616,557.0806176155387
Bud Fleming,40.55044689001944,12.382450120275841,48.28572057995998,4.21449508603787,656.2288677804561
Cristen Aguilar,39.472776746173196,11.41457942370735,47.95451187045909,4.64325854980013,607.4412211917578
Hong Rivera,38.453383352928476,13.280785388493184,46.94616551401127,2.25868638694684,497.5351103970705
Wei Fields,41.466921593589,12.048820170709806,50.87042575376658,3.66310549128385,610.3452554155917
Alonso Reeves,41.47746924743004,13.015085918578029,48.536079662623415,3.87687517692377,659.2456532948008
Barbera Higgins,39.27214151743679,12.858625045713449,47.400604236101486,4.11322612272421,625.67688942972
Theo Hale,39.74066247959376,11.745485095353077,47.55754609502819,3.20253119921073,532.5024634853991
Lynsey Brock,37.99325978729532,11.284083548195833,47.57279371008879,3.19839927168491,462.15777247369016
Piedad Cobb,39.90760256379732,13.719481837509889,49.114344093397314,5.97676812602,805.399143601806
Taisha Ramirez,40.68026929681896,10.847223058113785,48.44694173724717,2.95266895792174,491.3606494298771
Carola Roberts,41.025329792348764,10.216915092508609,48.68942663198068,2.09489170610518,426.93549444203956
Shemeka Dunn,40.514483086957675,9.884669252580997,46.71348409124787,3.85547168456418,501.11776602303934
Jen Taylor,41.26819639721196,12.518743189435067,50.00881743764309,2.87459691030395,579.8685967981116
Kip Lynch,40.710355921439394,11.47276886911947,45.827914629162905,3.39205048907384,536.877371901141
Rosario Benson,39.2258751552294,13.623917518644445,51.02881023552806,2.99576118261306,578.1976618397631
Melda Lewis,41.1622442584818,10.462611738776474,47.02506332156347,3.3152247539154,503.0181476137137
Louie Wheeler,39.41271626718624,11.713963360634965,47.85821373125481,3.47191913654175,551.282285956125
Angele Bowen,40.50599367398316,11.943515065877307,48.45258820025248,3.97055562807535,607.5753060593911
Maybell Craig,40.655741147643354,12.370635686360954,49.468392678345026,4.63932033185726,684.7051904930515
Francina Lewis,39.69184272851664,9.51124154064398,47.442190310758626,5.08121009249111,563.0059515907526
Magdalen Gilbert,38.67275896364064,13.591340905655603,49.39613641243515,4.80263063052338,681.0952489394869
Kenton Cox,39.34772714197284,11.553365259927812,48.63137301975888,3.4146884225049,536.3072900708139
Isidra Hodges,39.32713191552107,13.143549878093648,47.58101017062719,3.46229884746037,599.6923744556995
Tashia Patterson,41.249109654297,14.975724345904576,48.30491132228489,5.37759358358698,849.7254927521092
Jaye Barnes,39.694460657602676,12.56883185153287,45.96597759936871,4.00178634579808,614.4977034997396
Loris Brewer,39.366264481166155,11.717121326738159,47.28758593828477,3.43959055955008,520.9350562597953
Fumiko Palmer,38.91690951606156,11.193170021226864,48.98452419657836,2.77952071927361,453.56840849112024
Delicia Walters,38.61491996712276,11.075663521769915,52.00673612953248,3.55264976742652,501.2490105270373
Harland Gilbert,39.78501094598628,11.768619192631983,47.144500906128606,2.60228711203287,493.91287233515527
Lory Reyes,41.203075007750996,12.106645364012662,47.004348496449374,4.69432227444282,661.3633487361164
Gayle Chavez,38.863502226703204,10.567906937964981,49.408558133321016,3.40152234451551,464.1465900175035
Blossom Lyons,39.370437111221996,12.68894195938136,48.14100098179619,3.85157880035847,593.6026787903485
Reda Porter,40.65569396157744,13.451928022203365,49.73845947545813,3.25811288288828,641.8481816147985
Susy Curry,38.45980726854876,12.115676776486339,50.35012025604536,3.12056891481697,531.3784861303787
Fausto Conner,40.26624890571864,11.436302954557206,47.61748458065534,2.8379431640698,493.1573573223849
Gearldine Butler,39.77049519278448,11.319046134001157,46.66016112472689,4.47028258412002,604.705648728514
Lezlie Richards,39.116619191776316,10.78067119479372,49.67634208439149,4.44205432901117,542.5525278142358
Sherika Campbell,39.8005642523406,11.809553672927636,47.98902330487317,3.16494399528511,528.0925652450442
Tamesha Dennis,37.8176854293624,12.469714592021777,51.48048940561982,3.75173455208905,543.6918616760718
Andreas Gordon,41.512825379449794,10.837785998343348,46.64919270311574,3.15975444395093,513.8163761297279
Antione Lawrence,40.201643786524315,13.75910117356213,48.17658666145897,4.13056280923632,662.0374916051231
Dong Matthews,38.88284522155344,10.766803952707408,49.11548532799935,1.9140899242311,375.53504753208944
Lynell Cruz,41.58658281549587,10.234691968088116,47.00443272746091,4.39665190109708,592.2015781333175
Jeramy Phillips,38.17116038001504,11.518321535763075,47.03730106706189,5.11331947487062,595.8168082927536
Brant Bates,40.653335160146995,12.39248962451917,48.29749685926282,2.66994162427958,540.9910296789022
Delicia Bowen,41.33744572377696,10.50164663215051,47.864824167140114,3.36646374337293,525.8391528294245
Damion Hamilton,38.34756067262808,12.700604461068513,48.037101689520846,4.57121302377905,607.309784239391
Karl Horton,39.126700369884595,11.948127918894883,46.93650064988807,3.91745111913694,560.6758113292425
Latrisha Porter,38.98973592374748,12.405053799807472,49.237784830039395,2.47613905059641,498.4680545815125
Liberty Nguyen,40.33922226311448,13.381121453993174,47.805060541833534,4.1255843632554,678.21002786552
Reyes Chapman,40.165920632342036,11.545640796896219,46.86531301663406,3.99725537762267,572.5699844888592
Rashad Patton,40.452783670947234,13.528100396431666,49.04170200489222,1.36267408000138,487.372991083226
Carisa Harvey,38.63726855690616,11.711928783930212,47.62401371297843,4.19332463553207,570.6387430986949
Alisia Jimenez,38.95345493413848,13.158231614899373,50.22371334705855,3.87100340017642,603.1075845449382
Isaias Collins,40.54846464834252,11.82291746084074,49.48243766289057,4.08180269478151,578.4686765094896
Rosario Norris,41.02058462470692,13.216413814922836,49.17561249622073,4.25200610562094,682.3340205472397
Lakiesha Keller,38.746400290966676,11.899910970296615,50.7967202747381,3.91170866837066,563.2029685867524
Kory Hampton,40.59162241088652,11.963250813502892,46.65746534237517,3.02167182171001,549.782381227513
Hedy Ortiz,38.9980716896754,13.276651593091097,46.78763564118605,3.18461866162089,575.0516593622523
Isidra Warner,38.26248755989416,11.169111763362565,48.600912818611924,2.87722487825983,433.0146329994484
Jarred Carpenter,38.910836735701075,11.334412520158663,48.85424755793049,2.58696798516248,467.01881730154713
Adaline Pratt,40.12539547476228,12.469466142916696,47.14064134016172,2.96964022663276,546.2366081519954
Reiko James,37.66750257679728,10.884281680157493,49.49678814561585,3.42885990392801,455.1772682765812
Sal Henry,40.16243993880744,12.954650702460293,46.59957524798251,2.92694023549251,552.2401884955985
Sherwood Phillips,38.7501073203156,12.068569544435912,46.998200715180914,3.7818230393433,548.9525658060961
Shawana Castillo,38.47652954437644,10.611958243222116,49.02626123050435,3.00474253592567,419.9473066665525
Gwenn Alvarado,39.786839643542514,12.802234768931521,49.61636622362407,3.85447385560296,633.2014157632714
Klara Allen,40.02824921370888,13.317607669841244,50.05391150401409,3.31882227893089,609.3991318975093
Giuseppe Holloway,38.22368976209592,12.027881736662518,48.52293449096522,3.36181462438314,509.8064870432107
Porter Coleman,38.414760921894484,12.05654802065634,49.03078203090821,3.72256117289383,547.1690089032135
Carmon Hubbard,38.866141950606355,10.900377311076099,49.939554055999785,3.543547050183,471.4865254160012
Ermelinda Fletcher,39.183817750540435,11.486506871551338,48.50259540214335,2.78946151637471,468.893721222925
Lynsey Maldonado,39.517603730275795,12.604889472572037,46.28106671384417,5.48597673416052,712.7327523915865
Devorah Terry,39.882727800832676,11.11113519948145,48.99999111966712,2.59418972057778,458.8426792526017
Shaunna Soto,40.710953874574564,11.890911657808857,47.71136801021227,2.75342416875812,531.9465131318683
Ahmed Haynes,39.67111690963008,11.608650996862591,46.79882909209132,5.00482057749075,658.3157378926736
Junita Powell,38.88207819282564,11.968416476713028,49.802880263660164,3.87333756874325,562.2675108303308
Tyree Woods,40.66792920830903,12.937952198340577,48.80267646165939,3.79872531905254,634.1513193117652
Gaylene Jackson,41.48325746243208,12.726440462898461,45.50972693468098,3.29279766257565,639.7054068825615
Kaley Walsh,40.44192623842668,11.448382144384846,48.97517347534318,4.71610498720958,640.2508276135416
Talitha Brock,39.9219962612256,11.002196598430258,48.60432920542628,4.01872660973751,570.8058679980423
Usha Butler,37.6301726309244,12.68178463864432,47.514568387125586,3.63770127951584,549.6453049989173
Eugene Hamilton,39.617750658273955,11.64356060222827,48.84121299812716,3.8341696666326,570.9135796768151
Long Pierce,37.89135836558676,12.45409523188192,48.221244331143396,4.53198660666663,600.7615082281541
Fredric Harris,39.18872231373372,11.83834383390856,47.625048027099005,4.10605515160266,573.6830279194387
Olin Mills,41.65118795535792,10.54527584563946,48.289808487674655,3.21826538509786,519.9747683224207
Werner Banks,41.44399101585287,12.624555844855054,47.72837919100343,3.28366345540402,608.591155420153
Harland Olson,39.326058011641194,11.425424111789589,48.78434733613025,2.92402072459821,479.09568447518734
Toney Bailey,40.440480548186876,11.805150974047201,48.418542210957746,3.90525030898213,613.7637834496177
Lacy Graham,38.9277243040182,12.299889107325106,50.63347253579212,4.92031840611832,636.3699067057763
Gianna Montgomery,41.17460039688936,11.69248089693242,48.638373647161224,2.47359612084786,502.41625304454215
Fermin Curry,38.94621154216452,12.63157728897448,47.57884606058272,4.13127664837765,602.4098294938616
Marget Owens,40.24917215013864,11.733371926593275,48.65191229894307,1.76773070759424,452.66247400560707
Karl Sherman,40.03007793770904,12.576651049580013,46.931188787741306,2.72410820200549,535.4124630567019
Teodoro Schwartz,39.22335510733824,12.093099900653478,47.572670190359084,3.89711585995725,587.4454000370949
Hang Taylor,41.46995353097339,11.16863055353143,47.44272842775454,2.49167154128835,480.68413369636806
Kasey Henderson,40.25729753316936,10.62800928880525,48.69588715059017,3.86342544220503,528.5724688178963
Florencio Owen,38.34588462796176,10.853500458294253,48.525467496843355,3.57863390039399,488.397646733319
Marilu Ward,37.27946179396512,11.617743603523564,47.5791861884915,3.9588922643661,498.3159554605182
Raleigh Davidson,38.22150375433008,12.294772361194951,46.77094721928681,3.25174177030689,525.0213938001458
Prince Graves,39.13113916276848,10.431934462462491,46.44971812297258,3.91438466724639,514.955099419262
Leandro Conner,38.53814287921704,11.80004997395981,51.08225650121841,1.44351507465155,388.564602181868
Stanford Simpson,40.70954977141452,11.792301401311104,49.75711285443288,2.91003791654107,510.66801790427974
Garret George,40.17262848360396,12.363186332032472,47.47389866586484,3.34557097584224,561.4059657584812
Jeramy Lee,38.539680145113834,12.256888029757471,48.4016042999502,3.08952778227001,514.4683448987353
Britta Logan,38.70708144533976,10.375701764367557,48.54027050832115,4.51412244113264,532.5024507862875
Yung Watts,39.23087066229672,12.173552503926365,48.03702177365169,1.82588466902614,470.84589866066347
Danuta Blake,38.86167919080612,10.75298815713771,47.55976890828553,3.99365651252509,517.1371371090625
Gianna Garner,41.20647526211016,10.609191588660984,49.79936520892996,2.65215830485124,473.7204897440826
Omer Gregory,39.46452557473836,12.263312331819252,48.66050682782393,6.40122883780677,759.4214084277057
Betsey Nunez,39.01226159333316,10.87498752930434,48.615446717931725,5.39127512502063,617.0407808808732
Troy Davidson,38.3344748980134,12.836103864717078,48.05630556535354,6.07665363844014,729.2921155707938
Brice Harvey,43.367594986548596,11.929764562036697,48.04753615211446,3.86486073923428,661.3422389524866
Maximo Payne,38.93942587337087,13.323147691107277,48.41044737501661,2.94141075442809,559.4160007483639
Brenton Hubbard,38.753569859478,12.318617411535502,48.526202449196816,5.08486130860249,650.6330159003251
Taisha Murray,41.523973343265,12.085225506140294,44.08800142185998,6.92268933503581,826.0862724862337
Gaston Hicks,40.318224382263956,11.47045633388939,50.823015134716755,3.60439856025695,569.2361475226572
Sal Stanley,41.48241701485812,11.264306216895667,49.79581254922014,3.78493211013041,586.3284283984879
Kaila Vasquez,39.40572019266576,12.240698188410649,49.4508422031975,3.30918232804298,520.4939864674022
Tory Vargas,40.20444621496752,12.275441714395631,45.51664784362671,0.968622115741769,396.92649775074545
Virgilio Warren,39.96225793756656,12.417056240278438,49.80477436685648,3.7685619627099,595.4296460237869
Bo Snyder,37.055381212953,13.14762792049288,48.01700719199371,3.58516063516134,544.1293259831891
Laquanda Briggs,39.785105708400955,11.677927810120211,48.95620198227564,4.52035337749656,610.5528144395421
Obdulia Higgins,38.45736117464148,12.590858782780444,48.95943868919077,3.67584880001844,569.9301340165678
Edison Jimenez,40.3569609214452,11.91925136237933,50.601313165817956,2.87300750850515,552.5712423061284
Dionna Shaw,40.85596563362556,12.349710899383574,45.54921300728188,4.05577596174296,642.674747024344
Latashia Mclaughlin,40.3730124005286,13.02841983988314,47.33007168601634,3.01517529874371,562.2553963854955
Yi Thornton,39.18554592878868,10.941800416773635,48.92291224163669,4.71710251282583,556.9416489723152
Jeromy Alvarado,40.11449645111532,10.530393472859537,48.85248581464316,2.92639644872669,468.3831415463124
Penni Cross,38.23779905771844,13.308971925294838,47.94180997817055,2.36108694686988,488.2793213292636
Junita Mullins,41.37886565857344,13.150202539642445,46.679487954908254,4.96874267372814,739.399406815607
Teodoro Howard,39.035722477769276,11.63025438422978,48.02184666541665,0.801515720004208,331.6258287266069
Jordon Porter,40.11867767551524,10.751012447821175,50.48637110510942,3.66922561131544,516.3460518688797
Prince Bennett,39.9702859395366,11.574769264568138,48.725185569147236,1.71577716655311,415.0131533036145
Berneice Peters,38.799164482010035,11.433273825379034,50.14947021487208,4.7735030473459,591.3164091005543
Renaldo Cox,41.656141480764354,11.606762209473388,47.85801495868095,4.0878372729217,615.9398691524997
Lonny Mason,39.163053597827876,12.056787350076943,46.37653283565796,4.13175503956986,596.9282104210174
Barbera Banks,39.690843637886644,12.196646611446035,49.164901645959844,3.44279920200169,556.2212722075789
Elois Day,38.67617893911972,10.973517228373094,49.347589616278334,4.72402743982432,574.0533005093156
Natashia Wolfe,40.97143604744484,13.045996788436064,50.51285422054548,3.23097384328756,618.857493710934
Shery Floyd,38.99663815375283,12.70447480859842,48.983018011825045,2.97227138207982,548.0283042057754
Bernardine Allen,39.7468799811804,11.39395751684903,48.42897506388578,3.18232973178682,501.8561138452214
Boyce Gordon,39.706235239453804,11.739086810277751,46.91301462294408,4.80634961878528,640.7735350303464
Reiko Davis,39.04055623310652,12.170432179963136,48.18400755943515,3.6203649883552,539.3746748825857
Yukiko Howell,38.98111257931452,10.823919755761532,47.509158094878224,3.26132474478709,472.57705215446884
Alec Keller,39.052151003517245,13.199510891611837,49.35370743130868,3.59745996884993,596.3087084967036
Magdalen Schneider,38.73974767336008,10.793530664749605,46.922514538704355,4.7892016241799,582.3481407216567
Franklyn Williamson,38.640958372758355,12.15421189561458,49.7023880952352,3.31646474470291,531.5627843653643
Ranae Burton,41.6559798078744,11.918420157467835,48.925889232550595,4.63246094597221,679.7476051849608
Obdulia Flores,39.25501479232284,11.607229118266254,48.29909708527813,3.3084430006746,529.211063811787
Hayden Strickland,40.433877181160994,11.090643200738246,46.14215330406669,4.01598664044578,560.6827976563065
Maybell Snyder,37.884240995184356,13.244282695604666,47.239140040514236,4.36936679379098,605.9994962769596
Ivelisse Allen,40.15137221875716,11.27472649245459,49.28188033282787,2.56663984381683,481.7640867255181
Jolyn Thomas,38.18519784200652,10.663363321973605,48.46223173181988,3.51903243395392,471.3895619246665
Fredric Murray,39.27986899677779,11.700386044662151,48.23264072491683,1.5038544212253,391.33062006093
Florencio Webb,38.888577959996034,13.67071068835494,48.65479959269007,5.03995526366293,735.8868074645435
Dionna Sharp,40.20731073757128,11.543234512462687,48.465810678981796,4.47871260846301,622.2217782929287
Oren Jennings,37.003719209728075,12.969108443157372,46.68003785858361,3.36161298453819,518.9271094739589
Brenton Cunningham,41.85419394500436,12.937216728149506,47.681688956725075,1.92071547817565,560.406179956643
Evan Mack,40.80865436666603,12.369379703936708,46.85909724663207,4.33071446186056,655.5246188083365
Shawana Sanders,37.830902900361835,11.226635572659013,48.151367749191984,3.81124817080723,492.8018457589691
Lavera Rice,37.256666567385,11.087664352677496,50.29532182925172,3.08876395753158,435.6721130998133
Marcellus Fletcher,41.514932033271116,11.219162900313258,46.09782163628812,4.54169525670607,631.2765092828795
Inocencia Walker,41.96113186461263,13.78029945212732,49.337617142948034,5.06669686402098,790.759922758727
Warner Larson,38.7542971514646,10.92104475700511,49.728871755335106,3.10746868270746,458.7585590909434
Lino Collins,39.98908862621964,10.973738245557682,47.80882154992931,4.74698970293514,623.9110703861612
Verlene Tyler,39.48414519961704,10.43721896974327,46.194022550342034,3.09182686954579,457.3343537417202
Lyman Soto,39.07139175613596,11.679817559731399,49.11057553580945,3.19562577637199,520.221996815031
Wes Dennis,38.11874258525088,12.318190382811656,49.57122563332746,3.85027963909643,551.1750306155238
Rudolf Diaz,40.89797543615544,11.983497003782075,46.87753977382451,3.97452248048353,608.8555674961459
Kaila Alvarez,39.965317542355194,12.254705320580614,50.39358632680125,3.84384892149529,595.1052955090734
Betsey Alvarado,41.1969005324142,13.585229139467701,46.50505130862084,2.90900846048508,619.8542554646098
Temeka Riley,38.49473709548328,12.59865023035806,47.50806332833431,1.13909353842457,397.22872768861515
Reyes Lambert,40.326958798694875,13.548267710627366,45.35957824773843,2.68528483610908,587.2528961503696
Leonore Fields,39.294180577002955,9.912457532560772,49.86144783134385,3.10891144918127,429.9663507374285
Shawana Cannon,38.54683775495736,11.321178535557296,47.09062470099287,4.85284240715643,587.1163166071722
Porter Richards,39.03699532932336,12.231061010942302,48.25904877061788,2.30755242118396,467.21693708128925
Tristan Harrison,38.08396282326036,10.641048318861642,46.460319712578844,4.83552866742221,551.5961253436406
Ellsworth Gregory,40.941080033027156,11.47595294847098,49.066705609414875,3.678589398954,576.5040042495041
Delpha Cooper,40.36394934975408,11.124141691166463,48.97752695278041,5.25470892594112,656.4958864809795
Ellsworth Johnston,41.2018374396696,10.998361769836718,50.16161118453251,3.89289148021126,557.6748616862246
Dillon Martinez,41.777980732474674,11.993795505642952,47.175341135502975,4.38945522641652,670.8116724764291
Wally Greer,41.57120370971064,11.747816393129884,49.03310174107631,4.00332503902328,616.1259174005794
Allen Evans,39.404328920425684,10.153983540975121,46.98708099324408,0.789519907881692,284.9043463419622
Dimple Wright,38.759576596205996,12.046910508131994,48.19570102385441,4.40336983086647,607.2931904228701
Marget Mcdaniel,38.33762090539368,12.954503323445113,48.8873486405373,2.64859677020332,512.7321733511168
Lory Henry,39.27278303534963,12.883241871076205,47.64666129211963,2.36784822438522,508.79837082219933
Shon Owens,40.735488743924044,10.874136960516458,49.33693629614608,3.05071297321802,484.27468294289366
Cristie Perkins,38.821773780919315,12.97410693708423,46.247294167180335,3.64149716154009,591.5580929098071
Garfield Garcia,41.008502428411916,12.023301051337853,48.435440896324565,3.39736309281908,568.9333131356063
Minh Holmes,39.57021819150936,13.770816355918809,49.12990880606939,4.29768652428552,699.7692671852158
Tristan Nichols,38.40570362443776,11.281257340096493,48.53265879254676,3.80336499906518,514.7580390438982
Kelley Rios,41.03647163341044,12.903230520860328,48.19983370281729,2.63341998871744,547.4300400367341
Gianna Anderson,39.81264559927248,11.50654940130079,46.759564397645846,3.6340937273576,556.3421816766349
Darell Owens,39.231887446645565,12.474742897548262,48.58115369068195,3.46701406600971,557.1403740093009
Miquel Mendez,37.95043216179672,13.056031875307808,48.187216957644964,1.49431089519951,417.7339598401857
Johna Bradley,37.5127762438554,13.134092749415055,48.06255362669436,2.26725111444705,467.6725606952156
Damion Rice,38.06492388034476,11.634819740131599,50.14568679425084,5.02393420060666,598.0401761606055
Roxy Bailey,39.50713291001928,11.452435178677417,47.98219166903826,2.47175066972003,441.9614500723538
Tran Berry,39.22349410846824,12.51218640097018,46.9263872151243,4.29773748197121,634.3328478681218
Hank Santos,40.86113611027272,11.274758129419787,50.80603416938608,2.43695887578646,501.307757699622
Mika Bates,38.945463045061324,11.70475346534066,48.02996351620064,3.65698392668814,544.5664911754441
Gayle Morales,37.54013697126984,12.598420593550772,46.75536770350706,5.00024336051445,656.8770092624916
Ezequiel Gibson,39.57603503814432,11.089148168343169,48.99613807263461,2.41283096097093,454.068223979183
Cristie Simmons,38.291552193027236,11.233790975348075,47.22074820865766,5.31435414117021,625.4250995972953
Ardell Elliott,41.282891577892315,14.078769317085628,48.78015564563765,4.07777509801043,718.8575958549643
Jolanda Roy,39.55171717328904,11.430813001915299,48.03233980069928,3.27507068130953,497.6578717622633
Yuko Grant,40.536188115954126,11.798459821270487,47.89815395955785,3.6349960063069,575.8529962322099
Barrett Burgess,39.20753223000456,12.15329641461857,48.350631591896146,3.98247151310706,581.2336680006537
Bo Bishop,39.27422491576548,10.03039533730793,45.29929611130664,3.28770182407441,437.1816817945566
Tory Higgins,40.091907105437755,11.906672800389446,46.97406257712246,2.31334988458064,473.0315479615444
Patria Schneider,38.06904302861424,13.040564620310471,47.059679516091066,3.5578136981867,558.7605548896368
Kimiko Fuller,39.253343159154355,12.203028471622133,47.67604186496502,3.35027928754491,535.6887387357261
Sung Bishop,39.76398629721516,13.752400287560716,50.98692683628141,2.90709493482203,582.5253666024826
Wes Glover,41.25527326195692,12.801619255895119,47.26832135731459,3.79271195515159,637.8668761361923
Raymon Flowers,42.637084975078324,11.2654646105762,47.626935354815956,4.02945382815219,637.9694138249199
Xochitl Jacobs,39.896721540573,13.928688513119162,50.69131918650241,4.97847579347026,733.0719545634696
Daron Hill,38.515330792614236,10.696841652065284,48.58459079021743,2.69956205497227,416.6922855053698
Keena Wright,42.047139677891636,14.282226139918375,48.586438556366886,3.93061532661329,710.608391409515
Shaunna Klein,39.060631889305924,12.910832142280679,47.651770509147354,3.4562338235263,570.550897812097
Walter Benson,39.098992284982195,11.622346358204341,47.91125407217617,2.18201696982339,417.9114931975761
Lyman Walsh,39.9563783095518,12.366148150638614,49.71062310901882,2.70952662692928,537.8169881127117
Marinda Mccormick,39.7300033780152,12.763450768517163,47.48560479560795,4.59411686460319,682.3498977674396
Porter Moody,40.683261353356684,11.552177849408361,48.54364600931391,4.25698328967803,629.8972616850555
Rolland Lee,41.46633910405104,11.659994319169352,49.37377491806058,3.7842730870783,614.943433707077
Keena Bowman,40.479178071151445,12.017405938350484,47.910047197897036,1.62341960945622,443.9820974739166
Lupe Jennings,37.92061464036396,12.100737772080642,47.869579194568566,3.41450624030525,531.8818651551177
Melda Schneider,41.18271292625064,13.268308577959019,48.47965811686881,3.60608688890817,650.3843471699165
Vincenzo Greene,40.80778670207664,12.826713839377879,50.25162290007873,3.27573370518503,600.5052704102552
Shaunda Gomez,40.24857487214844,12.755283375131352,47.093854202167115,5.0072719865899,697.1330623656489
Luigi Garza,41.32371100541712,13.192214405177214,47.799184018924,3.37125811322392,646.5660353445302
Ike Little,40.26203896504811,12.036999381540705,47.54767390896237,5.45396947461171,711.2726447021197
Virgilio Chapman,38.18233988012292,11.114280206875494,46.37091571574566,3.75586938926297,495.524727440851
Franklyn Hall,38.83574555293968,12.336524080656634,49.069290064441795,4.66425849723865,633.3994088771539
Demetrius Green,39.829885061334,9.74766365964887,47.93920720344249,3.80667094856299,469.8722508481917
Kelle Lawson,38.6309985933438,13.192158064122479,47.96648299178931,5.04992747465241,684.4929174785182
Theola Nichols,39.129483263193116,13.540473383108562,49.068109603693834,2.87194753615102,588.7023404628196
Jann Daniels,38.714403728393876,11.528519850935309,48.13494006203259,3.23673281425053,491.02306029608906
Florencio Frank,38.726217937049995,13.35015889819633,48.816144537179895,3.08633727231733,568.2976445911933
Wally Bennett,40.554149916975,11.504786542499447,49.94530909256915,4.55969908325896,622.0926093106569
Cristen Howell,37.98577161083136,12.884314560831648,49.12574725114446,3.01020977796095,527.5424003375795
Newton Fuller,39.69327695340288,11.352314376901875,46.37844592006613,1.80922959177631,415.43933874375455
Chauncey Hoffman,37.57481951933316,11.568055150443826,50.332199187050826,3.59429509990117,514.5864740110146
Jewel Munoz,39.447286337376234,11.973026691825707,47.60700601213635,3.04919574378943,523.4792016761102
Kenton Ingram,40.44978408971159,14.18239839387611,46.43837552887728,3.63434022407344,694.8807266474873
Ezekiel Jensen,40.69027803807408,12.785698168243211,50.78952378674174,1.48235964396498,480.0439879890718
Melvin Morrison,38.77549169513172,9.726157752685507,46.46561286324659,2.92135014081614,395.8432803579067
Isreal Fox,41.27319197813988,12.679674314902353,50.116339376790314,1.81007987641203,518.8449118353918
Otha Cruz,38.90796567266388,12.927695147871868,48.44303822988318,3.37310467399111,558.5713063622088
Lesley Dennis,40.24727561637192,10.42920796446649,48.14522867613069,2.21479751939394,420.10565875717015
Maybell Evans,40.048820311311715,11.031998747164165,46.73031889031415,5.45446327756453,648.482327970216
Arianne Gardner,40.55370713383824,10.87297747931627,45.253820885308755,3.20180172217499,501.4179282825216
Louie Webb,40.52508011717796,11.042426394328626,48.412428417702436,4.7294845415725,618.9738609852592
Samira Blair,37.57103116907016,11.827703570702383,47.048083207450524,3.20552976450683,480.3199968023268
Brant Palmer,40.335076025977315,11.355859354619144,48.180195395965754,3.80251143879027,562.130484566478
Williemae Lowe,40.07791215550416,10.92747190951934,50.20253478979505,4.11634046713181,566.2773971798066
Meri Henry,40.34711020854696,11.055683328522328,46.31456353025203,5.4625007641299,652.2080274235104
Jaleesa Spencer,36.591044035848235,11.447306884186075,46.769534463262524,1.48161662685536,313.5430827491056
Tristan Lee,38.28582855721632,12.105450996889834,48.08168751891193,3.77142013189155,526.0843417393259
Clarita Norris,39.631704423182036,13.05494474427119,49.48700848243022,2.89829957788864,543.7979389382639
Dannie Wagner,39.570231483556675,13.26050727105268,49.14907097080059,3.56904651585852,601.5891461716675
Lino Austin,36.97944077865156,11.732884755642369,48.00255595054218,1.08458530302212,295.35583845280064
Grayce Woods,40.69681814078688,12.143838800558125,47.54754026852713,3.02347444604555,549.1027429494164
Lino Nichols,39.96320664961884,13.324630066934176,47.24137731330849,5.56638489205681,765.6642406339382
Trinidad Salazar,38.29449111504072,11.675042103741886,47.13516485405247,2.39516812997914,430.16353509933595
Kory Wright,38.89027074880128,10.875882750830856,48.57890861294549,3.5048334855203,490.5052609848535
Ardell Meyer,39.17354028692268,12.51118158777066,47.472211492743185,5.22668771253211,671.3738638915576
Ka Walker,40.9227342104892,8.423070654272276,46.10112010536006,1.83821070225011,335.43039806871377
Delena Warner,39.89820744378504,11.540026113513282,47.51318670100457,3.36341139378574,532.3724409571887
Moshe Carter,41.67489619875672,11.847229096012795,47.5118751600883,2.95744875650368,561.8069001058526
Chau Jenkins,36.4718214508146,11.68495591982707,47.21049209734443,2.08381419203467,355.12104548154537
Brynn Soto,40.06093268534172,12.550627422749793,46.309289769087805,3.68084733817478,586.4232397846577
Rutha King,39.45416923878924,12.902209626183769,49.23223767041008,4.69373205798386,677.2421167747418
Brice Castillo,41.4017014233408,12.32314127951643,48.79488931288036,4.00835223463459,648.3575324047819
Felton Powell,40.279769267508236,12.113302652657417,48.46084538905363,2.53204406150789,517.7275306921358
Renato Haynes,39.41855139461652,10.86343046347413,47.59235930054216,2.8709869096997,449.3552270486826
Daniell Spencer,40.23823215673596,13.529112096325123,47.970286990113934,3.51568825620234,626.9179755987924
Gaston Warren,40.102880814579954,13.257208977441662,48.3524483604032,4.06991661858986,662.1335347501998
Wen Mills,38.99450252838516,12.838642354870895,49.784943484611794,1.20048385675667,409.2068112912422
Michale Miller,40.408832970017514,12.83920419922183,48.533039643786225,3.22945090446699,602.0778491696329
Verena Powell,39.91755848779668,10.624810026900665,46.989529226226864,4.08656633848599,530.870960300488
Tereasa Sims,39.31494715237152,10.842829846654114,48.94017932366004,4.019470351595,525.4301500845437
Drema Mcdaniel,40.17536592225792,12.482799905763299,48.39821287115958,4.20590388953348,620.7109432294052
Natashia Lambert,40.54224864687984,12.909115915032151,47.20654454300252,2.01819462928731,496.3782851790151
Marget Perez,39.8606254114788,10.889686824475042,49.97559669284663,4.24381281672619,560.8053757930988
Joannie Bell,37.35370805953992,13.146166666311723,48.603334684535284,4.62607529195196,618.5504822892311
Chau Sandoval,40.04342082730523,10.521669733894738,49.45240776663291,3.00295702283384,468.829297633578
Mauro Dennis,39.405471663887035,13.053329355694816,46.6980737455691,1.8235951829918,494.01902591490676
Jaleesa Mclaughlin,36.689236421005674,11.237538521138292,48.21550055358829,4.07830800165164,490.6914992714533
Ranae Hansen,38.72951259640704,12.825263340388522,48.241461294140926,3.68991661544759,591.6744667984814
Dacia Boyd,39.7730807998518,11.619670228919677,49.31574575974696,2.19013218538005,470.8651380799267
Modesto Dawson,40.18262371554432,11.768471849041182,46.62118120124608,3.20675669758687,553.4855143229854
Wes Blair,38.37177607375356,10.649559616853256,47.57462832963685,1.97700712784306,366.959835097851
Arie Mendoza,38.560634891817955,11.496524261874598,51.0234450756355,3.34924538252718,492.2204646693329
Hoyt Watson,38.76306372373368,11.859270869076148,49.749778898911266,3.53286157955648,531.2470166982097
Wilton Coleman,38.19357486655836,12.336535970218746,48.657696580209475,2.97473681508324,488.40304977710565
Adaline Lucas,38.42168881275852,9.978668817432878,49.49186353606768,2.61816531039608,397.1392529272997
Jed Lewis,39.596950802990044,12.463348155450886,48.53191297051929,2.80401369269039,528.5145640285483
Shaunda Austin,38.17971400103916,14.145134444858638,47.80601978091004,2.9644978762354,556.2459655690583
Kandis Bradley,41.35381768759752,11.797944538631922,49.096692805322114,4.35088784372447,657.8841830544065
Ka Perez,38.811355478001595,11.295548170202045,46.51111682185917,3.87243204186891,539.5526023083223
Alisia Logan,38.7632980480686,12.6872387221242,49.34515278491175,4.61542630652765,639.3880209788799
Shenita Baker,39.67972878753912,11.556496961560288,49.192851600758715,2.72720945375887,491.4224096474408
Edmundo Bates,40.67356846615859,10.504431154510426,49.37060535937361,3.53712387990221,512.5879645581651
Lenny Gomez,39.318797505007915,12.381482708424622,46.570506666349644,3.12650948966,542.1101536159609
Alonso Webster,40.52377484598168,11.191417684348671,49.18416324717871,5.13781674595098,658.4036056452642
Aracelis Murray,38.17497907166916,10.778051969142185,45.3671759948047,3.12863885574463,436.0194829320147
Catarina White,38.41020542142612,11.974930590242566,47.290761744643305,3.17895240505345,491.9489153419181
Nathanial Douglas,39.96520394158775,12.565734815442008,48.533667797340314,3.82737591510757,594.3836604605027
Janee Joseph,38.6278136751282,11.272907795767894,49.65672822291871,4.80832037286916,592.0701747033958
Nathanial Lewis,41.922726126773156,10.621134353984024,47.94555012971334,4.04851008728921,590.6614685117682
Tamisha Jimenez,40.26198072957539,11.817526208243681,46.67032861680566,4.54333241329309,620.4324047505758
Penni Kelley,38.86436240955828,12.590815151290862,45.66746905905757,3.48106213312517,564.736816483085
Twanna Medina,40.01341042223675,10.86010484536514,46.76695153986167,2.62762497143441,448.1812613261349
Lynetta Fuller,40.407309464064355,13.28634028477919,49.09279752364442,4.79431226340283,711.0483087072695
Tristan Andrews,40.80248510714592,11.73613510189108,48.73945987352897,2.76186192630142,512.4073890141054
Amado Parks,39.18647645067828,11.799671112231257,46.431149907372095,2.15967602298883,424.4818797306773
Mitzie Newman,38.46511422142176,13.018172862411488,48.945520264494625,4.19561441267513,623.6808700125712
Tad Holmes,39.874526723634716,12.55853996084962,46.86368212547698,2.13940300448598,493.47951998844036
Adriene Coleman,38.493108053194916,10.244398176204985,50.75870240530453,3.43455972254092,445.14678009320767
Nicky Grant,40.777206695745356,9.223126312330084,47.9894370090382,2.86842818163975,426.6019234226428
Mikel Schultz,41.015421081560156,12.455732252615357,46.0775441053122,3.13706897548068,585.8391252892177
Burl Buchanan,39.123286776504116,11.646803113558471,49.29951495243581,3.52580641219522,535.1809465321026
Sid Manning,38.4366596594556,12.517760097675064,49.402375707780806,5.03810749384487,659.6446765946594
Jacinto Black,39.72042930092748,11.713791109168865,47.89393912947137,3.6122391519937,557.3227059715753
Theo Mccormick,39.58871885149848,10.33682271098717,46.72065125312429,2.89507516280436,452.49946842285186
Trinidad Norman,41.262984351594476,12.602422315319068,47.10174274335946,5.70594071662084,786.91805520235
Doretta Walton,41.22863552184528,9.382999831880134,49.277818876187595,5.0470225513951,590.4773211051332
Obdulia Webb,40.4461353570024,10.061547269452076,49.091953406008756,4.778973636035,578.5772660617325
Annalee Kim,38.88515405518032,11.492907956859288,49.5435939788725,2.96655888465992,496.57962019125745
Garfield Wells,38.19521574710532,11.155576638268261,48.044055052622326,2.6689197733345,427.5190951666523
Annice Andrews,37.63945460062524,11.051527947484168,48.214815173635245,3.62035458880409,477.95365963769837
Jude Foster,37.73693579295336,10.00061588273319,49.456488446093694,4.23829618841273,464.6490437256987
Cicely Garcia,40.29953620442796,12.633915965418991,47.980646510857845,2.4793398232087,531.6360592812536
Theola Osborne,38.8769063331708,11.9347867597168,48.99110513338015,3.50696757363526,537.0141394882573
Noma Barnes,42.04493995389132,11.81657561689361,46.51910086785377,3.31015034657686,598.2255917296353
Trula Flowers,39.34192827916092,12.326688012313918,47.665528780023315,3.53580246787383,539.6418169639616
Janee Andrews,40.76606644513512,12.16162239639653,49.78444284322223,1.13047696043198,427.45545784632696
Lala Cook,40.06318822890264,12.6543500768126,46.216003946847934,3.22871768627065,585.8400066307773
Carisa Garza,40.267866805683354,12.830704057625258,49.33753021305563,3.34592232100489,607.3817317806079
Alease Hart,40.3048480682946,9.854455055999233,48.549460614719095,3.21566682702199,455.76926778362866
Julian Lucas,41.02582087322195,12.998721448128935,46.058134705012556,3.79055213688044,648.2153601884129
Tyron Mills,40.3127562576504,11.405361120676579,47.04587133404535,3.56121527143108,526.730885678278
Rosario Newton,39.88351886581044,10.862828771149479,44.94623586334648,2.93161953465115,460.57791732351916
Shayne Stephens,39.85070364070704,13.396594327240807,50.638201278116405,3.04654062068924,611.4028381829829
Jaye Mack,40.36537401103907,11.919107346765202,44.83334017206512,2.73920046676666,509.2470561695175
Garret Munoz,40.3085829639288,10.832648924807524,47.021642463225305,2.78396312820452,452.3718064949129
Bernardine Kelley,41.03460963715512,12.537550696290445,48.13529547420035,4.33040744421128,645.2529154962451
Garret Spencer,43.03228381602372,11.613354780335023,47.94679380595885,3.41620997759013,606.6779002176304
Chery Frank,40.17831668709048,11.799483604305507,48.51301643395585,3.33633938200419,558.524344562232
Milagro Ingram,39.909885400564804,11.399799575909153,48.26645134781899,4.66284530400256,609.5360463488108
Shon Delgado,38.78382956660076,12.293932070209287,47.00193706644735,3.22208076676096,535.9423943064893
Jona Bishop,38.9170062948984,13.748402659251648,49.896542763777056,3.77296902464471,618.945170879223
Winford Guerrero,37.735166979309355,12.718034076799658,49.22998201681118,3.42014953016486,538.2134310779933
Willian Cannon,42.89120376712188,10.780930000174951,46.23506710828161,6.11519894576005,743.6857259568905
Bradly Lawson,40.81514335278768,12.785424393384622,46.86006457395185,3.48802999122259,607.9580873214269
Loris Holloway,40.96847211355548,11.452841375327353,50.594373103325346,4.08285527876221,596.9860633482392
Garfield Willis,38.853587590713,11.852033278704896,48.359177786187324,2.82969957514709,453.1207609655347
Tanner Fuller,39.80679730889172,12.947905515141038,48.52876421277612,5.40540646722951,736.0130475435037
Donya Yates,39.89678664355164,11.83686222000566,47.472549956054344,3.4517507098331,562.0772120927198
Tai Parks,40.3186960071528,13.12020972324236,48.49774984597869,2.93557727374049,586.5454559617787
Gino Miles,39.70235758870692,12.962601908383151,49.810342348833565,4.75036007144446,701.6571828375824
Jene Reyes,38.73413201750363,12.402197027077673,47.694876505256374,3.5314023030589,541.9800307413143
Darell Spencer,40.12986365370144,11.123609264709977,48.16840120052454,3.90447937962794,564.6966724552326
Jacinda Thompson,39.438361451091716,11.954081866277827,46.23992141268006,2.39907978979041,456.4175295674497
Loida Lawson,37.83143747788776,11.924878659902308,50.05764832793726,2.8477090264745,454.0949240734952
Brett Yates,39.601019568182515,11.11843587369339,48.09387721626774,3.78170356510484,519.2590260471392
Almeta Silva,38.50605675653784,11.788765658781308,45.74585917769102,4.34977841863416,568.5041116908553
Michale Walker,39.91853336741496,12.92168828130969,50.40836488495197,4.57428771641957,675.1817164428355
Jed Cobb,39.59108783603064,12.87431838561637,48.08055384262117,4.62041638489507,653.8194036294698
Fe Colon,40.635826448638205,11.40828745425841,46.71945879922412,3.01303250041944,492.89974749577806
Prince Pratt,39.11051187090564,10.211570742674962,47.747738221414274,4.79110874455827,547.4312001436981
Brynn Peterson,38.85724150915608,12.308797244436168,48.91497884266227,4.33400144434137,591.3245340638234
Mariko Stewart,37.820546163007435,10.637736668641072,50.428605092969484,1.42882387682827,306.2694469219285
Adriene May,40.14516231124824,10.906588080347852,48.928504249512685,4.13700038817107,567.2530525167888
Elenore Leonard,38.65863290398692,12.094686146426202,48.04014761143559,2.91053082249248,486.6436936327306
Lindsay Bowen,38.00869860393,12.205855551204614,48.19668238718463,3.98246231895564,528.054825379968
Adriene Martin,40.46106553560612,10.698896407096955,46.81601239958773,3.70122921702027,536.7329451905807
Danuta Briggs,39.85856588971248,12.013750382986144,48.28472179614148,5.84050587593143,736.8220995358139
Richie Grant,37.88896562744784,12.812140172603378,47.74285987324269,4.56039606734364,604.2942920982516
Shon Carr,40.673484466441685,13.167296369703235,47.31178901152704,4.49000206555983,699.4739682654267
Dillon Reyes,39.75443122371768,10.294473135954746,47.688410897502315,3.85981799887401,511.83459575797605
Mirtha Klein,41.244392455397154,11.76892241162319,49.2198814371212,3.04662018882223,546.0217706569441
Maybell Berry,40.89631211008091,11.475525306105236,47.393967933681594,4.65285444613678,637.6014154648668
Cordell Sanchez,37.71027225702576,13.138760292099455,48.411800594269195,4.02210290952895,589.1510577067859
Marilu Hammond,40.35036871749204,12.858338392646772,51.57436824272447,3.96941775910774,645.7966654215044
Dyan Alvarado,38.23528933080012,13.899468589896681,48.12894968168599,3.73822517332533,617.4909367031922
Dong Neal,39.951104768760956,11.787442684597702,49.94972488143456,3.37668749953603,557.367396042252
Annalisa Harmon,40.49907332497596,11.025768899287593,49.921785796394595,4.59552270860132,617.3668694443559
Mac Cobb,40.9739627846874,12.773638240212861,47.594558408488524,2.22399345825205,527.3295091886249
Garret Ford,37.34876921989428,12.262651093929952,46.321745880163526,4.28848677088574,540.5112297621403
Cher George,41.13389745599664,11.704494528138358,47.20110888270752,2.11738254152726,481.9000642491919
Kelley Graham,40.39993882014168,10.875906147270287,47.25825360019543,0.936497597318326,337.5905066525302
Alline Powell,38.7119679186684,13.991564522977868,48.13052300732741,3.76207044271157,634.0497653667891
Lindsay Perry,42.51979836069456,11.793088375101593,46.9165367549671,4.00096358646012,647.2183955848833
Gwenn Lynch,38.360785137458876,11.36677127635794,51.013254294136686,3.53251716453935,494.7823237760138
Giuseppe Powell,38.57887262652719,9.94684158772049,48.335881503844874,3.53508842761894,436.2214040645744
Valentine Bishop,40.70261301340092,12.304449558589619,48.496970443071795,4.15821465266419,628.2537433756951
Burl Ball,39.84073960968539,11.846320464124576,47.88099660610097,3.54903605742697,554.04556921845
Michale Greer,39.04412987705772,11.010152399904307,48.07318408549358,4.12925468809454,566.6987580865872
Richie Stokes,40.9003959619554,8.581666021930307,46.67878327553103,2.25244596338084,342.46579867941665
Ezequiel Strickland,39.63002416629107,12.379177609598548,48.9395904244182,4.05138246537518,623.2833504967888
Reynalda Wilson,37.52172505290084,12.011184020525086,46.09383759360679,3.07207614148688,470.05229182294465
Mana Hoffman,38.6555085960696,11.61566154697222,46.324140131621036,4.33186302675108,569.5999541569045
Harland Douglas,40.19940732081059,11.827124976131984,47.43222259411142,3.93786264318017,587.4059159401023
Elisha Ortega,39.4858244008248,12.430546540768821,49.14716226218396,0.269901089984274,349.0267553075677
Tyron Woods,38.6455855748142,12.35589450194702,48.9843738908784,3.27946626006561,531.2285574692607
Renato Wright,39.21018541013784,12.46825212552919,48.9890379857411,2.57177783547766,493.4862031263049
King Paul,39.59806519491492,10.837373520191033,48.94215047185178,3.82603061753751,527.2671018674025
Jaleesa Hansen,40.731742294922036,11.369356706848142,47.891175582663664,2.40245383341422,484.75981700040313
Laraine Pratt,40.26253003609044,11.009662158452564,47.8508888773344,4.02781384191709,578.5267946902981
Ceola Owen,40.41219704177124,10.861678506566745,49.03907724422538,3.62933991526819,530.7831962801869
Wonda Bowman,39.170335638705836,11.473059093915378,47.21878319197169,3.18960994187975,480.05409709829
Maximo Munoz,40.10545461806712,10.599575106094624,46.495999550498816,3.3939750434343,486.51711570953734
Lezlie Schmidt,39.32049129747516,10.965496747520405,45.21367565264238,2.57494847002507,431.7240091593354
Mathilde Guerrero,39.743945314005835,12.823729916769883,48.144563456703736,3.47202138003438,593.5963482902454
Newton Stevens,42.4462513107894,10.46674193410504,47.92083835024668,4.19834906081438,597.0864857426486
Jamison Hopkins,40.771299096045354,11.54145644608186,48.65286228408827,2.08634814660966,452.7427798247528
Kiersten Nguyen,40.84099623727284,13.456587531366837,47.89025382225305,3.60593391773307,686.9190271706024
Hassan Jennings,39.32459059025916,11.258049687636513,45.83994755114112,4.03438613035747,558.0758927677006
Milagro Young,40.204572458092194,11.12108080400549,48.37449835575643,2.32055024988846,441.1368483470673
Sherlyn Wilson,38.249462033502475,10.187447257405935,48.008690030214424,3.49109333700915,435.43662111335755
Maria Malone,39.039887979185636,13.98056600086275,49.92822771314846,5.32009386378099,765.0516267354815
Carol Phillips,41.82157699903776,12.291386543700266,48.97401922952448,3.13053846246484,602.8772151809777
Gino Holt,41.053753537797604,10.662546428268966,45.04474006162923,4.98520497086401,641.2869875848631
Fumiko Mann,40.15154318103564,12.53774661948785,47.27689622111391,1.72696204318851,484.6046217857783
Ivelisse Hernandez,41.0406472911828,12.541130786633428,48.73316402311721,3.70162228691423,614.9340876863098
Giuseppe Yates,37.403408158453914,13.830479263389098,47.67613856013347,1.78517394488796,474.3657491905453
Joseph Griffin,39.02183617679916,11.394160918989751,47.57907581361155,3.02267575986266,471.4489390613044
Prince Swanson,41.42762354485956,11.291712745639689,47.29175231715259,4.04124496912928,600.565312364974
Barbera Jennings,40.39918838639448,12.141080499274057,50.51830475942458,3.13952693504287,521.0152922513208
Magdalen Pope,37.93180748806752,12.58359428745461,47.01640240949796,2.56281881080323,493.44556011272994
Kaley Baldwin,40.44106264682364,13.336861895229413,48.19313615772813,2.37907649689154,546.7380854075295
Richie Wallace,40.57408008746076,11.074940631457363,47.18856100170641,4.30199649935476,594.2069871943634
Porter Ramirez,41.20401266777652,11.134344479951485,50.287358919307906,2.09476166900748,453.9437528940849
Kory Diaz,37.27359018805932,12.234061726136911,47.01585412342195,4.08933084123596,541.1865584442712
Klara Nichols,39.68372195914416,11.646682699071619,47.93753355159314,3.51605101747183,541.2873172356647
Mendy Gilbert,41.52749094314136,11.644264965644883,49.56447573730978,1.82081061815244,446.4055056683359
Delaine Hopkins,41.085890294304356,11.434797109757241,46.500128519650396,4.18314366172613,611.6355318900892
Branda Hunt,38.45737755976788,12.357843225720796,46.19683188939547,3.39390278806937,552.1024091123157
Newton Scott,37.16601077266536,11.614050651136626,46.896916482219574,4.42636408052931,549.0488568301513
Iluminada Nunez,40.328220987742675,12.091933008407638,48.357956169543804,2.90523836144657,531.9646326303433
Gearldine Hawkins,40.137750011215914,11.78471911571054,47.93690668608387,2.78275782849942,513.5487360175315
Lino Sherman,40.0432571258466,12.100259102474764,47.26180534873746,3.44701779279069,572.2077524266615
Horacio Campbell,40.14275433622836,11.88585720704864,47.49432437216038,4.71223357850977,639.8901439590476
Hilde Byrd,39.48563093389956,11.794607701310413,46.876241884186655,1.22811242341442,397.2223618017931
Lindsay Williams,42.75702463331784,12.004147948264958,49.644092785129054,4.01905142680022,663.4912655558953
Waldo Cox,38.69561999534268,11.192495916110555,48.2730647871892,1.70738972867573,363.38952737451376
Karl Greene,41.63470942934244,11.492907100166747,48.99034045789793,3.16309193107376,566.5455411822805
Oren Burns,41.212706290113125,11.576127615101974,47.85681436315195,3.4470928961369,566.6566411070247
Assunta Maldonado,40.41712433952744,11.089554185837658,49.186082045635864,2.20881367800555,448.23966701373985
Orval Frazier,38.47309727809212,12.499178315633461,46.20088515575663,5.41235783955138,696.6396837714467
Kraig Parks,40.11731652298452,13.217125367614807,49.35576310957682,2.7688519432631,566.834589363836
Waldo Shaw,39.88519198124076,13.430498016956724,47.34338023531584,3.74657297310347,636.9706558650131
Deshawn Bradley,41.64303476743392,11.578778930546488,48.34734802358838,3.57652591525946,587.2443945836674
Daniell Clark,39.176132016728275,11.38441497039208,49.83234923154852,4.9582644726187,612.2983614786353
Jolyn Morales,39.9870012615666,12.26750876120712,47.8921114486971,2.33648466811285,506.68115617359086
Kam Watkins,40.45917710213988,12.294620241506363,46.5023210490969,2.73515956708228,552.5342928594049
